{"Accuracy": 0.7882018479033405, "Precision": 0.6225806451612903, "Recall": 0.516042780748663, "F1 Score": 0.564327485380117, "Confusion Matrix": [[916, 117], [181, 193]]}